{
  "train_loss": [
    0.882549198269844,
    0.8059754532575607,
    0.778080563545227,
    0.7438553464412689,
    0.7151020491123199,
    0.6870587259531021,
    0.6786563527584076,
    0.6559068927168846,
    0.643767562508583,
    0.6378405347466469,
    0.6137445253133774,
    0.6188714993000031,
    0.5976361846923828,
    0.5942902794480324,
    0.5871494954824448,
    0.5628533208370209,
    0.5798935264348983,
    0.5600599756836891,
    0.5400286883115768,
    0.5402295103669167,
    0.524109061062336,
    0.529387538433075,
    0.522066088616848,
    0.49332850724458693,
    0.4688886082172394,
    0.46632291585206986,
    0.4511492797732353,
    0.46004955768585204,
    0.4465089252591133,
    0.44685836642980575,
    0.42848477184772493,
    0.4038197296857834,
    0.39508606761693954,
    0.3840325984358788,
    0.3767925104498863,
    0.3871255113184452,
    0.37205073654651644,
    0.3625174783170223,
    0.35253713846206663,
    0.3508885338902473,
    0.3409684704244137,
    0.3274216969311237,
    0.32285301297903063,
    0.31615351676940917,
    0.32317490994930265,
    0.3008909286558628,
    0.3132719755172729,
    0.3118322944641113,
    0.30511789456009863,
    0.3050485773384571,
    0.2934887744486332,
    0.2985706852376461,
    0.304063583612442,
    0.28818787291646003,
    0.28007637783885003,
    0.27675044775009155,
    0.27070450395345685
  ],
  "valid_loss": [
    1.0622210025787353,
    0.734632933139801,
    0.7059843182563782,
    0.7220769166946411,
    0.7010055661201477,
    0.7310787200927734,
    0.6352551460266114,
    0.626975154876709,
    0.6250857591629029,
    0.6107570886611938,
    0.6641803979873657,
    0.6031159877777099,
    0.5881266355514526,
    0.5932879686355591,
    0.5572482228279114,
    0.543500030040741,
    0.6038442850112915,
    0.5119716167449951,
    0.5948074340820313,
    0.5353256940841675,
    0.5179933905601501,
    0.5445172309875488,
    0.5266743898391724,
    0.4801984906196594,
    0.5162270784378051,
    0.45577547550201414,
    0.5553877830505372,
    0.48822638392448425,
    0.5264456748962403,
    0.5040858030319214,
    0.4702932000160217,
    0.463849151134491,
    0.45973571538925173,
    0.4910660147666931,
    0.4423018336296082,
    0.5001879692077636,
    0.46561517715454104,
    0.47740650177001953,
    0.46433361768722536,
    0.4779775857925415,
    0.5030939221382141,
    0.4840879201889038,
    0.48272879123687745,
    0.4431230783462524,
    0.4400924801826477,
    0.4474030137062073,
    0.44181132316589355,
    0.4470484256744385,
    0.4669232487678528,
    0.469067120552063,
    0.4594507575035095,
    0.4696289777755737,
    0.4480975389480591,
    0.4539976716041565,
    0.451305627822876,
    0.46637883186340334,
    0.4434839844703674
  ],
  "train_dice": [
    0.34594447846425563,
    0.4143012422369211,
    0.4295993760081598,
    0.4563972451362768,
    0.47811442088161304,
    0.5100245341731794,
    0.5115308767350244,
    0.529533180255705,
    0.546167214836308,
    0.5546256818648589,
    0.5685772438137352,
    0.5668249867436237,
    0.5828775158566392,
    0.5902035888289466,
    0.5967074509242546,
    0.6226690440336257,
    0.609079684078286,
    0.6263542280357732,
    0.6362565089650627,
    0.6344298943300553,
    0.6452835819017322,
    0.6374027915725806,
    0.6480386983942763,
    0.668080516255799,
    0.6785335319292182,
    0.6895322876329327,
    0.6918205440652757,
    0.6921796438689233,
    0.6997942073774049,
    0.6978428601345207,
    0.7172220005202057,
    0.7229100347592526,
    0.7323051077203754,
    0.7338429128719915,
    0.7421734082244938,
    0.7455512991369555,
    0.7501518277860231,
    0.7530907969153787,
    0.7596543363403094,
    0.7645076454517772,
    0.770220314279635,
    0.7762268008021883,
    0.7802644041201614,
    0.7851410887309362,
    0.7835528336386983,
    0.7931000296475799,
    0.7820400837111235,
    0.7849238647107794,
    0.7920301004269659,
    0.7890632696275746,
    0.7926375137368175,
    0.7957318836857309,
    0.7920854506004198,
    0.8011522309362539,
    0.8035997543129348,
    0.8039827989636416,
    0.8097579631253384
  ],
  "valid_dice": [
    0.34028046736395734,
    0.4652367727028313,
    0.44490262245352363,
    0.4578991843305678,
    0.5243311178994546,
    0.48847038947562776,
    0.5279493119241236,
    0.5687407458116062,
    0.5427025396705172,
    0.5924232354113335,
    0.5374156673851114,
    0.6006219862685844,
    0.5531695507050677,
    0.5867655164689246,
    0.6405856209419951,
    0.6174007648687128,
    0.5939064326131298,
    0.6645314606581869,
    0.5413500144445943,
    0.6202525177396471,
    0.6551520500216813,
    0.6086100416562583,
    0.6319081001356807,
    0.686974672456438,
    0.6416189761296331,
    0.6861230480370379,
    0.6470648504879897,
    0.6662570683857282,
    0.6947989764359517,
    0.6705348818501141,
    0.6878339835425084,
    0.7037689098467864,
    0.6991788562036786,
    0.6985805255658876,
    0.6964114663142353,
    0.6985413805564584,
    0.7192639793798641,
    0.7007044572651165,
    0.6992455194467746,
    0.7096236217086254,
    0.7023990037301449,
    0.7015015837014623,
    0.705691771768982,
    0.7096963567539359,
    0.7360896055432846,
    0.7128351810682763,
    0.7043994318949366,
    0.7159619753727113,
    0.7121279671632155,
    0.7116642430987092,
    0.7065005981281111,
    0.7205498777866016,
    0.7014701346199488,
    0.707873325751911,
    0.707591888358967,
    0.6992015979045798,
    0.7173603198939253
  ],
  "train_iou": [
    0.20914925403656093,
    0.26127361215907713,
    0.273560370166022,
    0.2956701416204519,
    0.31415924261440203,
    0.34230398142170443,
    0.3436624037003704,
    0.3601122943717883,
    0.3756740255206263,
    0.3837245998534491,
    0.39721126505533116,
    0.39550297870161516,
    0.4113106117351486,
    0.4186445533214909,
    0.4252195675928484,
    0.45208382294489513,
    0.43789689251513325,
    0.45597943867298923,
    0.4665514542490766,
    0.46458976488710235,
    0.4763237333519381,
    0.4677851881908744,
    0.4793322838638953,
    0.5015922692096498,
    0.5134701094003649,
    0.5261726642524039,
    0.5288422325597172,
    0.5292620202950484,
    0.5382180354433562,
    0.5359129392068703,
    0.5591162311881409,
    0.5660603829292287,
    0.5776666863455702,
    0.5795828340198675,
    0.5900442979002904,
    0.5943258569473792,
    0.6001943631738937,
    0.6039660265979049,
    0.6124537365647881,
    0.6187878400359114,
    0.6263075599825548,
    0.634289753453506,
    0.6396996256859495,
    0.6462817051823437,
    0.644132236324329,
    0.6571381631702179,
    0.6420901650803086,
    0.6459873928179377,
    0.6556703943590935,
    0.6516139529312129,
    0.6565033473833121,
    0.6607597368940676,
    0.655746262013437,
    0.6682685255042206,
    0.6716813685134659,
    0.6722167526244471,
    0.6803305025687058
  ],