{
  "dice": 0.7344383111162411,
  "iou": 0.5803259671711656,
  "pixel_accuracy": 0.8895935058593298,
  "precision": 0.6953683347270194,
  "recall": 0.7781600226061088,
  "specificity": 0.9167923247235629,
  "balanced_accuracy": 0.8474761736648359,
  "threshold": 0.5,
  "tp": 300162.0,
  "tn": 1448850.0,
  "fp": 131497.0,
  "fn": 85571.0
}