{
  "dice": 0.7306637686004812,
  "iou": 0.5756266547240055,
  "pixel_accuracy": 0.8852915445963092,
  "precision": 0.6773743542503378,
  "recall": 0.7930537444292314,
  "specificity": 0.9078050580030268,
  "balanced_accuracy": 0.8504294012161291,
  "threshold": 0.4,
  "tp": 305907.0,
  "tn": 1434647.0,
  "fp": 145700.0,
  "fn": 79826.0
}