{
  "precision": 0.6648387652338004,
  "recall": 0.5935459953878607,
  "f1": 0.6271728582477802,
  "map50": 0.6242530185241392,
  "map50_95": 0.3154547380093925,
  "dice": 0.7171139885742656,
  "balanced_accuracy": 0.8379010754048459
}